<?xml version="1.0" encoding="UTF-8"?>
<services xmlns="http://www.demandware.com/xml/impex/services/2014-09-26">

    <service-credential service-credential-id="klarna.http.decredentials">
        <url>https://api.playground.klarna.com/</url>
        <user-id>your Merchant ID</user-id>
        <password encrypted="true" encryption-type="common.export"></password>
    </service-credential>

    <service-credential service-credential-id="klarna.http.ficredentials">
        <url>https://api.playground.klarna.com/</url>
        <user-id>your Merchant ID</user-id>
        <password encrypted="true" encryption-type="common.export"></password>
    </service-credential>

    <service-credential service-credential-id="klarna.http.nocredentials">
        <url>https://api.playground.klarna.com/</url>
        <user-id>your Merchant ID</user-id>
        <password encrypted="true" encryption-type="common.export"></password>
    </service-credential>

    <service-credential service-credential-id="klarna.http.secredentials">
        <url>https://api.playground.klarna.com/</url>
        <user-id>your Merchant ID</user-id>
        <password encrypted="true" encryption-type="common.export"></password>
    </service-credential>

    <service-credential service-credential-id="klarna.http.gbcredentials">
        <url>https://api.playground.klarna.com/</url>
        <user-id>your Merchant ID</user-id>
        <password encrypted="true" encryption-type="common.export"></password>
    </service-credential>    

    <service-credential service-credential-id="klarna.http.uscredentials">
        <url>https://api-na.playground.klarna.com/</url>
        <user-id>your Merchant ID</user-id>
        <password encrypted="true" encryption-type="common.export"></password>
    </service-credential>

    <service-profile service-profile-id="klarna.http.service">
        <timeout-millis>20000</timeout-millis>
        <rate-limit-enabled>false</rate-limit-enabled>
        <rate-limit-calls>0</rate-limit-calls>
        <rate-limit-millis>0</rate-limit-millis>
        <cb-enabled>false</cb-enabled>
        <cb-calls>0</cb-calls>
        <cb-millis>0</cb-millis>
    </service-profile>

    <service service-id="klarna.http.defaultendpoint">
        <service-type>HTTP</service-type>
        <enabled>true</enabled>
        <log-prefix>klarna</log-prefix>
        <comm-log-enabled>true</comm-log-enabled>
        <mock-mode-enabled>false</mock-mode-enabled>
        <profile-id>klarna.http.service</profile-id>
        <credential-id/>
    </service>

</services>
