<?xml version="1.0" encoding="UTF-8"?>
<custom-objects xmlns="http://www.demandware.com/xml/impex/customobject/2006-10-31">
    <custom-object type-id="KlarnaCountries" object-id="AT">
        <object-attribute attribute-id="credentialID">klarna.http.atcredentials</object-attribute>
        <object-attribute attribute-id="showShippingOptions">true</object-attribute>
    </custom-object>

    <custom-object type-id="KlarnaCountries" object-id="DE">
        <object-attribute attribute-id="credentialID">klarna.http.decredentials</object-attribute>
        <object-attribute attribute-id="showShippingOptions">true</object-attribute>
    </custom-object>

    <custom-object type-id="KlarnaCountries" object-id="FI">
        <object-attribute attribute-id="credentialID">klarna.http.ficredentials</object-attribute>
        <object-attribute attribute-id="showShippingOptions">true</object-attribute>
    </custom-object>

    <custom-object type-id="KlarnaCountries" object-id="NO">
        <object-attribute attribute-id="credentialID">klarna.http.nocredentials</object-attribute>
        <object-attribute attribute-id="showShippingOptions">true</object-attribute>
    </custom-object>

    <custom-object type-id="KlarnaCountries" object-id="SE">
        <object-attribute attribute-id="credentialID">klarna.http.secredentials</object-attribute>
        <object-attribute attribute-id="showShippingOptions">true</object-attribute>
    </custom-object>

    <custom-object type-id="KlarnaCountries" object-id="NL">
        <object-attribute attribute-id="credentialID">klarna.http.nlcredentials</object-attribute>
        <object-attribute attribute-id="showShippingOptions">true</object-attribute>
    </custom-object>

    <custom-object type-id="KlarnaCountries" object-id="GB">
        <object-attribute attribute-id="credentialID">klarna.http.gbcredentials</object-attribute>
        <object-attribute attribute-id="showShippingOptions">true</object-attribute>
    </custom-object>

	<custom-object type-id="KlarnaCountries" object-id="US">
        <object-attribute attribute-id="credentialID">klarna.http.uscredentials</object-attribute>
        <object-attribute attribute-id="showShippingOptions">true</object-attribute>
    </custom-object>
</custom-objects>
